Day,Weather,Temperature,Humidity,Wind,Play Football
Monday,Sunny,30,60,10,Yes
Tuesday,Rainy,22,80,15,No
Wednesday,Cloudy,25,70,5,Yes
Thursday,Sunny,28,65,12,Yes
Friday,Windy,24,75,20,No
Saturday,Cloudy,26,72,8,Yes
Sunday,Sunny,32,68,14,Yes
Monday,Rainy,20,85,10,No
Tuesday,Windy,23,77,18,Yes
Wednesday,Cloudy,27,70,13,Yes
Thursday,Sunny,29,66,16,No
Friday,Cloudy,21,80,7,Yes
Saturday,Rainy,24,74,9,No
Sunday,Windy,26,73,12,Yes
Monday,Sunny,31,65,14,Yes
Tuesday,Rainy,22,81,16,No
Wednesday,Cloudy,25,78,19,Yes
Thursday,Windy,28,74,11,Yes
Friday,Sunny,30,72,17,No
Saturday,Cloudy,27,76,10,Yes
